"no","title","type","crime","opening","open_non_coe","yopen","rats_needed","n_signed_upon_opening","pop_signed_upon_opening","prp_rtf","n_rtf","n_res","prp_res","prp_sgn","n_sgn","no_coe_members","rats_needed_std","n_signed_upon_opening_treaty_std"
"001","Statute of the Council of Europe","Foundational",FALSE,18023,"no","1949",7,10,216215461.536458,1,47,0,0,0,0,12,0.583333333333333,0.833333333333333
"002","General Agreement on Privileges and Immunities of the Council of Europe","Foundational",FALSE,18143,"no","1949",7,12,275939557.625,1,47,1,0.0212765957446809,0,0,12,0.583333333333333,1
"005","Convention for the Protection of Human Rights and Fundamental Freedoms","Human rights (core)",FALSE,18571,"no","1950",10,12,337080871.625,1,47,26,0.553191489361702,0,0,14,0.714285714285714,0.857142857142857
"009","Protocol to the Convention for the Protection of Human Rights and Fundamental Freedoms","Human rights (core)",FALSE,19073,"no","1952",10,14,355395450.098958,0.957446808510638,45,15,0.333333333333333,0.0425531914893617,2,14,0.714285714285714,1
"010","Protocol to the General Agreement on Privileges and Immunities of the Council of Europe","Foundational",FALSE,19304,"no","1952",7,12,275939557.625,1,47,1,0.0212765957446809,0,0,14,0.5,0.857142857142857
"012","European Interim Agreement on Social Security Schemes Relating to Old Age, Invalidity and Survivors","Harmonisation",FALSE,19704,"yes","1953",2,14,355395450.098958,0.446808510638298,21,9,0.428571428571429,0,0,14,0.142857142857143,1
"012A","Protocol to the European Interim Agreement on Social Security Schemes Relating to Old Age, Invalidity and Survivors","Harmonisation",FALSE,19704,"yes","1953",2,13,350264516.630208,0.446808510638298,21,0,0,0,0,14,0.142857142857143,0.928571428571429
"013","European Interim Agreement on Social Security other than Schemes for Old Age, Invalidity and Survivors","Harmonisation",FALSE,19704,"yes","1953",2,14,355395450.098958,0.446808510638298,21,7,0.333333333333333,0,0,14,0.142857142857143,1
"013A","Protocol to the European Interim Agreement on Social Security other than Schemes for Old Age, Invalidity and Survivors","Harmonisation",FALSE,19704,"yes","1953",2,13,350264516.630208,0.446808510638298,21,0,0,0,0,14,0.142857142857143,0.928571428571429
"014","European Convention on Social and Medical Assistance","Harmonisation",FALSE,19704,"yes","1953",2,14,355395450.098958,0.382978723404255,18,7,0.388888888888889,0,0,14,0.142857142857143,1
"014A","Protocol to the European Convention on Social and Medical Assistance","Harmonisation",FALSE,19704,"yes","1953",2,14,355395450.098958,0.361702127659574,17,0,0,0.0212765957446809,1,14,0.142857142857143,1
"015","European Convention on the Equivalence of Diplomas leading to Admission to Universities","Harmonisation",FALSE,19704,"yes","1953",3,14,355395450.098958,0.74468085106383,35,0,0,0.0212765957446809,1,14,0.214285714285714,1
"016","European Convention relating to the Formalities required for Patent Applications","Harmonisation",FALSE,19704,"yes","1953",4,14,355395450.098958,0.404255319148936,19,1,0.0526315789473684,0,0,14,0.285714285714286,1
"017","European Convention on the International Classification of Patents for Inventions","Harmonisation",FALSE,20077,"yes","1954",4,12,354758292.442708,0.276595744680851,13,0,0,0.0212765957446809,1,14,0.285714285714286,0.857142857142857
"018","European Cultural Convention","Harmonisation",FALSE,20077,"yes","1954",3,14,355395450.098958,1,47,1,0.0212765957446809,0,0,14,0.214285714285714,1
"019","European Convention on Establishment","Harmonisation",FALSE,20436,"no","1955",5,12,294543789.0625,0.25531914893617,12,8,0.666666666666667,0.0638297872340425,3,14,0.357142857142857,0.857142857142857
"020","Agreement on the Exchange of War Cripples between Member Countries of the Council of Europe with a view to Medical Treatment","Harmonisation",FALSE,20436,"yes","1955",3,11,342474540.229167,0.340425531914894,16,0,0,0.0212765957446809,1,14,0.214285714285714,0.785714285714286
"021","European Convention on the Equivalence of Periods of University Study","Harmonisation",FALSE,20804,"yes","1956",3,12,295671354.010417,0.617021276595745,29,1,0.0344827586206897,0.0851063829787234,4,15,0.2,0.8
"022","Second Protocol to the General Agreement on Privileges and Immunities of the Council of Europe","Foundational",FALSE,20804,"no","1956",3,11,287529032.848958,0.702127659574468,33,0,0,0.0212765957446809,1,15,0.2,0.733333333333333
"023","European Convention for the Peaceful Settlement of Disputes","Harmonisation",FALSE,20939,"yes","1957",2,13,305517682.677083,0.297872340425532,14,2,0.142857142857143,0.127659574468085,6,15,0.133333333333333,0.866666666666667
"024","European Convention on Extradition","Harmonisation",TRUE,21167,"yes","1957",3,11,287542323.53125,1,47,36,0.765957446808511,0,0,15,0.2,0.733333333333333
"025","European Agreement on Regulations governing the Movement of Persons between Member States of the Council of Europe","Harmonisation",FALSE,21167,"yes","1957",3,7,219858337.864583,0.361702127659574,17,3,0.176470588235294,0.0425531914893617,2,15,0.2,0.466666666666667
"026","European Agreement on the Exchange of Therapeutic Substances of Human Origin","Harmonisation",FALSE,21534,"yes","1958",3,11,285915618.244792,0.446808510638298,21,1,0.0476190476190476,0.0425531914893617,2,15,0.2,0.733333333333333
"027","European Agreement concerning Programme Exchanges by means of Television Films","Harmonisation",FALSE,21534,"yes","1958",3,9,253743872.828125,0.297872340425532,14,0,0,0.0212765957446809,1,15,0.2,0.6
"028","Third Protocol to the General Agreement on Privileges and Immunities of the Council of Europe","Foundational",FALSE,21615,"no","1959",0,2,65813200.046875,0.617021276595745,29,11,0.379310344827586,0,0,15,0,0.133333333333333
"029","European Convention on Compulsory Insurance against Civil Liability in respect of Motor Vehicles","Harmonisation",FALSE,21660,"yes","1959",4,9,232533622.640625,0.148936170212766,7,8,1.14285714285714,0.106382978723404,5,15,0.266666666666667,0.6
"030","European Convention on Mutual Assistance in Criminal Matters","Harmonisation",TRUE,21660,"yes","1959",3,8,176589093.140625,1,47,33,0.702127659574468,0,0,15,0.2,0.533333333333333
"031","European Agreement on the Abolition of Visas for Refugees","Harmonisation",FALSE,21660,"yes","1959",3,4,146455901.25,0.48936170212766,23,1,0.0434782608695652,0.0425531914893617,2,15,0.2,0.266666666666667
"032","European Convention on the Academic Recognition of University Qualifications","Harmonisation",FALSE,21898,"yes","1959",3,10,259081771.260417,0.574468085106383,27,2,0.0740740740740741,0.0851063829787234,4,15,0.2,0.666666666666667
"033","Agreement on the Temporary Importation, free of duty, of Medical, Surgical and Laboratory Equipment for use on free loan in Hospitals and other Medical Institutions for purposes of Diagnosis or Treatment","Harmonisation",FALSE,22034,"yes","1960",3,10,280801962.630208,0.48936170212766,23,0,0,0,0,15,0.2,0.666666666666667
"034","European Agreement on the Protection of Television Broadcasts","Harmonisation",FALSE,22089,"no","1960",3,6,181055212.479167,0.234042553191489,11,9,0.818181818181818,0.106382978723404,5,15,0.2,0.4
"035","European Social Charter","Human rights (core)",FALSE,22572,"no","1961",5,13,355149825.005208,0.574468085106383,27,3,0.111111111111111,0.106382978723404,5,16,0.3125,0.8125
"036","Fourth Protocol to the General Agreement on Privileges and Immunities of the Council of Europe","Foundational",FALSE,22631,"no","1961",3,13,310274205.776042,0.702127659574468,33,0,0,0.0212765957446809,1,16,0.1875,0.8125
"037","European Agreement on Travel by Young Persons on Collective Passports between the Member Countries of the Council of Europe","Harmonisation",FALSE,22631,"yes","1961",3,7,204751343.776042,0.404255319148936,19,5,0.263157894736842,0.0425531914893617,2,16,0.1875,0.4375
"038","European Agreement on Mutual Assistance in the matter of Special Medical Treatments and Climatic Facilities","Harmonisation",FALSE,22780,"yes","1962",3,8,195248739.541667,0.170212765957447,8,0,0,0.0638297872340425,3,16,0.1875,0.5
"039","European Agreement on the Exchanges of Blood-Grouping Reagents","Harmonisation",FALSE,22780,"yes","1962",3,8,195472541.473958,0.446808510638298,21,0,0,0,0,16,0.1875,0.5
"040","Agreement between the Member States of the Council of Europe on the issue to Military and Civilian War-Disabled of an International Book of Vouchers for the repair of Prosthetic and Orthopaedic Appliances","Harmonisation",FALSE,22997,"yes","1962",3,7,262504702.213542,0.170212765957447,8,0,0,0.0425531914893617,2,16,0.1875,0.4375
"041","Convention on the Liability of Hotel-keepers concerning the Property of their Guests","Harmonisation",FALSE,22997,"yes","1962",3,10,335086514.661458,0.361702127659574,17,0,0,0.106382978723404,5,16,0.1875,0.625
"042","Agreement relating to Application of the European Convention on International Commercial Arbitration","Harmonisation",FALSE,22997,"yes","1962",2,4,199634803.328125,0.170212765957447,8,0,0,0,0,16,0.125,0.25
"043","Convention on the Reduction of Cases of Multiple Nationality and on Military Obligations in Cases of Multiple Nationality","Harmonisation",FALSE,23137,"yes","1963",2,7,275673692.796875,0.276595744680851,13,4,0.307692307692308,0.0425531914893617,2,17,0.117647058823529,0.411764705882353
"044","Protocol No. 2 to the Convention for the Protection of Human Rights and Fundamental Freedoms, conferring upon the European Court of Human Rights competence to give advisory opinions","Human rights (core)",FALSE,23137,"no","1963",10,11,286177976.239583,1,47,0,0,0,0,17,0.588235294117647,0.647058823529412
"045","Protocol No. 3 to the Convention for the Protection of Human Rights and Fundamental Freedoms, amending Articles 29, 30 and 34 of the Convention","Human rights (core)",FALSE,23137,"no","1963",10,11,286177976.239583,1,47,0,0,0,0,17,0.588235294117647,0.647058823529412
"046","Protocol No. 4 to the Convention for the Protection of Human Rights and Fundamental Freedoms, securing certain rights and freedoms other than those already included in the Convention and in the first Protocol thereto","Human rights (core)",FALSE,23270,"no","1963",5,10,231801460.479167,0.914893617021277,43,3,0.0697674418604651,0.0425531914893617,2,17,0.294117647058824,0.588235294117647
"047","Convention on the Unification of Certain Points of Substantive Law on Patents for Invention","Harmonisation",FALSE,23342,"yes","1963",8,7,269512397.869792,0.276595744680851,13,3,0.230769230769231,0,0,17,0.470588235294118,0.411764705882353
"048","European Code of Social Security","Harmonisation",FALSE,23483,"yes","1964",3,6,153235544.927083,0.446808510638298,21,1,0.0476190476190476,0.127659574468085,6,17,0.176470588235294,0.352941176470588
"048A","Protocol to the European Code of Social Security","Harmonisation",FALSE,23483,"yes","1964",3,6,153235544.927083,0.148936170212766,7,0,0,0.127659574468085,6,17,0.176470588235294,0.352941176470588
"049","Protocol to the European Convention on the Equivalence of Diplomas leading to Admission to Universities","Harmonisation",FALSE,23531,"yes","1964",2,8,226105818.072917,0.553191489361702,26,1,0.0384615384615385,0.0212765957446809,1,17,0.117647058823529,0.470588235294118
"050","Convention on the Elaboration of a European Pharmacopoeia","Harmonisation",FALSE,23580,"yes","1964",8,1,9985673.30729167,0.787234042553192,37,0,0,0,0,17,0.470588235294118,0.0588235294117647
"051","European Convention on the Supervision of Conditionally Sentenced or Conditionally Released Offenders","Harmonisation",TRUE,23711,"yes","1964",3,3,136470227.942708,0.425531914893617,20,9,0.45,0.106382978723404,5,17,0.176470588235294,0.176470588235294
"052","European Convention on the Punishment of Road Traffic Offences","Harmonisation",TRUE,23711,"yes","1964",3,3,136470227.942708,0.106382978723404,5,5,1,0.212765957446809,10,17,0.176470588235294,0.176470588235294
"053","European Agreement for the Prevention of Broadcasts transmitted from Stations outside National Territories","Harmonisation",FALSE,23764,"yes","1965",3,7,148038578.666667,0.404255319148936,19,0,0,0.0212765957446809,1,18,0.166666666666667,0.388888888888889
"054","Protocol to the European Agreement on the Protection of Television Broadcasts","Harmonisation",FALSE,23764,"yes","1965",3,5,150069411.21875,0.212765957446809,10,2,0.2,0.0425531914893617,2,18,0.166666666666667,0.277777777777778
"055","Protocol No. 5 to the Convention for the Protection of Human Rights and Fundamental Freedoms, amending Articles 22 and 40 of the Convention","Human rights (core)",FALSE,24127,"no","1966",10,6,84010950.8541667,1,47,0,0,0,0,18,0.555555555555556,0.333333333333333
"056","European Convention providing a Uniform Law on Arbitration","Harmonisation",FALSE,24127,"yes","1966",3,1,9985673.30729167,0.0212765957446809,1,1,1,0.0212765957446809,1,18,0.166666666666667,0.0555555555555556
"057","European Convention on Establishment of Companies","Harmonisation",FALSE,24127,"no","1966",5,2,10377205.8697917,0.0212765957446809,1,0,0,0.0638297872340425,3,18,0.277777777777778,0.111111111111111
"058","European Convention on the Adoption of Children","Harmonisation",FALSE,24586,"yes","1967",3,9,267802303.604167,0.382978723404255,18,10,0.555555555555556,0.0638297872340425,3,18,0.166666666666667,0.5
"059","European Agreement on the Instruction and Education of Nurses","Harmonisation",FALSE,24770,"yes","1967",3,3,94187529.515625,0.234042553191489,11,7,0.636363636363636,0.0425531914893617,2,18,0.166666666666667,0.166666666666667
"060","European Convention on Foreign Money Liabilities","Harmonisation",FALSE,24817,"yes","1967",3,4,144198809.151042,0.0212765957446809,1,0,0,0.0638297872340425,3,18,0.166666666666667,0.222222222222222
"061","European Convention on Consular Functions","Harmonisation",FALSE,24817,"yes","1967",5,5,152858329.088542,0.106382978723404,5,1,0.2,0.0851063829787234,4,18,0.277777777777778,0.277777777777778
"061A","Protocol to the European Convention on Consular Functions concerning the Protection of Refugees","Harmonisation",FALSE,24817,"yes","1967",5,3,142766375.328125,0.0638297872340425,3,0,0,0.0638297872340425,3,18,0.277777777777778,0.166666666666667
"061B","Protocol to the European Convention on Consular Functions relating to Consular Functions in respect of Civil Aircraft","Harmonisation",FALSE,24817,"yes","1967",5,2,135037794.119792,0.0425531914893617,2,0,0,0.0425531914893617,2,18,0.277777777777778,0.111111111111111
"062","European Convention on Information on Foreign Law","Harmonisation",FALSE,24996,"yes","1968",3,11,286183294.598958,0.893617021276596,42,0,0,0,0,18,0.166666666666667,0.611111111111111
"063","European Convention on the Abolition of Legalisation of Documents executed by Diplomatic Agents or Consular Officers","Harmonisation",FALSE,24996,"yes","1968",3,8,219142696.713542,0.48936170212766,23,0,0,0.0425531914893617,2,18,0.166666666666667,0.444444444444444
"064","European Agreement on the Restriction of the Use of certain Detergents in Washing and Cleaning Products","Harmonisation",FALSE,25097,"yes","1968",3,2,136557700.234375,0.212765957446809,10,0,0,0,0,18,0.166666666666667,0.111111111111111
"065","European Convention for the Protection of Animals during International Transport","Harmonisation",FALSE,25185,"yes","1968",4,8,172153850.505208,0.51063829787234,24,2,0.0833333333333333,0.0212765957446809,1,18,0.222222222222222,0.444444444444444
"066","European Convention on the Protection of the Archaeological Heritage","Harmonisation",FALSE,25329,"yes","1969",3,12,281263921.822917,0.48936170212766,23,0,0,0.0212765957446809,1,18,0.166666666666667,0.666666666666667
"067","European Agreement relating to Persons participating in Proceedings of the European Commission and Court of Human Rights","Harmonisation",FALSE,25329,"no","1969",5,8,165092022.171875,0.553191489361702,26,2,0.0769230769230769,0.0212765957446809,1,18,0.277777777777778,0.444444444444444
"068","European Agreement on Au Pair Placement","Harmonisation",FALSE,25531,"yes","1969",3,2,65813200.046875,0.127659574468085,6,4,0.666666666666667,0.148936170212766,7,18,0.166666666666667,0.111111111111111
"069","European Agreement on continued Payment of Scholarships to students studying abroad","Harmonisation",FALSE,25549,"yes","1969",5,2,5522466.03125,0.425531914893617,20,0,0,0.0212765957446809,1,18,0.277777777777778,0.111111111111111
"070","European Convention on the International Validity of Criminal Judgments","Harmonisation",TRUE,25716,"yes","1970",3,7,129215161.786458,0.48936170212766,23,19,0.826086956521739,0.106382978723404,5,18,0.166666666666667,0.388888888888889
"071","European Convention on the Repatriation of Minors","Harmonisation",TRUE,25716,"yes","1970",3,6,168668904.104167,0.0638297872340425,3,1,0.333333333333333,0.148936170212766,7,18,0.166666666666667,0.333333333333333
"072","Convention relating to Stops on Bearer Securities in International Circulation","Harmonisation",FALSE,25716,"yes","1970",4,7,226016336.958333,0.0851063829787234,4,0,0,0.0851063829787234,4,18,0.222222222222222,0.388888888888889
"073","European Convention on the Transfer of Proceedings in Criminal Matters","Harmonisation",TRUE,26434,"yes","1972",3,6,46189392,0.531914893617021,25,17,0.68,0.212765957446809,10,18,0.166666666666667,0.333333333333333
"074","European Convention on State Immunity","Harmonisation",FALSE,26435,"yes","1972",3,7,175807468.578125,0.170212765957447,8,0,0,0.0212765957446809,1,18,0.166666666666667,0.388888888888889
"074A","Additional Protocol to the European Convention on State Immunity","Harmonisation",FALSE,26435,"yes","1972",5,6,118460035.723958,0.127659574468085,6,0,0,0.0425531914893617,2,18,0.277777777777778,0.333333333333333
"075","European Convention on the Place of Payment of Money Liabilities","Harmonisation",FALSE,26435,"yes","1972",5,3,101423270.234375,0,0,0,NA,0.0638297872340425,3,18,0.277777777777778,0.166666666666667
"076","European Convention on the Calculation of Time-Limits","Harmonisation",FALSE,26435,"yes","1972",3,7,218480259.005208,0.0851063829787234,4,0,0,0.127659574468085,6,18,0.166666666666667,0.388888888888889
"077","Convention on the Establishment of a Scheme of Registration of Wills","Harmonisation",FALSE,26435,"yes","1972",3,8,279246215.958333,0.25531914893617,12,1,0.0833333333333333,0.0638297872340425,3,18,0.166666666666667,0.444444444444444
"078","European Convention on Social Security","Harmonisation",FALSE,26647,"yes","1972",3,5,170693835.932292,0.170212765957447,8,0,0,0.106382978723404,5,18,0.166666666666667,0.277777777777778
"078A","Supplementary Agreement for the Application of the European Convention on Social Security","Harmonisation",FALSE,26647,"yes","1972",3,5,170693835.932292,0.170212765957447,8,0,0,0.106382978723404,5,18,0.166666666666667,0.277777777777778
"079","European Convention on Civil Liability for Damage caused by Motor Vehicles","Harmonisation",FALSE,26798,"yes","1973",3,3,90076861.96875,0,0,0,NA,0.0638297872340425,3,18,0.166666666666667,0.166666666666667
"080","Agreement on the Transfer of Corpses","Harmonisation",FALSE,26963,"yes","1973",3,1,49877767.421875,0.48936170212766,23,1,0.0434782608695652,0.0212765957446809,1,18,0.166666666666667,0.0555555555555556
"081","Additional Protocol to the Protocol to the European Agreement on the Protection of Television Broadcasts","Harmonisation",FALSE,27043,"yes","1974",3,3,89973735.8541667,0.212765957446809,10,1,0.1,0.0212765957446809,1,18,0.166666666666667,0.166666666666667
"082","European Convention on the Non-Applicability of Statutory Limitation to Crimes against Humanity and War Crimes","Harmonisation",FALSE,27054,"yes","1974",3,1,56868428,0.170212765957447,8,0,0,0.0212765957446809,1,18,0.166666666666667,0.0555555555555556
"083","European Convention on the Social Protection of Farmers","Harmonisation",FALSE,27155,"yes","1974",3,4,118218420.770833,0.191489361702128,9,8,0.888888888888889,0.0425531914893617,2,18,0.166666666666667,0.222222222222222
"084","European Agreement on the Exchange of Tissue-Typing Reagents","Harmonisation",FALSE,27289,"yes","1974",3,2,7051092.18229167,0.340425531914894,16,0,0,0.0425531914893617,2,18,0.166666666666667,0.111111111111111
"085","European Convention on the Legal Status of Children born out of Wedlock","Harmonisation",FALSE,27682,"yes","1975",3,5,75545183.6614583,0.48936170212766,23,7,0.304347826086957,0.0638297872340425,3,18,0.166666666666667,0.277777777777778
"086","Additional Protocol to the European Convention on Extradition","Harmonisation",TRUE,27682,"yes","1975",3,1,391532.5625,0.808510638297872,38,4,0.105263157894737,0.0212765957446809,1,18,0.166666666666667,0.0555555555555556
"087","European Convention for the Protection of Animals kept for Farming Purposes","Harmonisation",FALSE,27829,"yes","1976",4,2,62478366.3229167,0.680851063829787,32,0,0,0.0425531914893617,2,19,0.210526315789474,0.105263157894737
"088","European Convention on the International Effects of Deprivation of the Right to Drive a Motor Vehicle","Harmonisation",TRUE,27914,"yes","1976",3,7,83881612.453125,0.25531914893617,12,0,0,0.170212765957447,8,19,0.157894736842105,0.368421052631579
"089","Additional Protocol to the European Agreement on the Exchange of Tissue-Typing Reagents","Harmonisation",FALSE,27935,"no","1976",3,1,5130933.46875,0.340425531914894,16,0,0,0.0425531914893617,2,19,0.157894736842105,0.0526315789473684
"090","European Convention on the Suppression of Terrorism","Harmonisation",TRUE,28152,"no","1977",3,17,376768932.041667,0.978723404255319,46,24,0.521739130434783,0.0212765957446809,1,20,0.15,0.85
"091","European Convention on Products Liability in regard to Personal Injury and Death","Harmonisation",FALSE,28152,"yes","1977",3,3,67245633.8697917,0,0,0,NA,0.0851063829787234,4,20,0.15,0.15
"092","European Agreement on the Transmission of Applications for Legal Aid","Harmonisation",FALSE,28152,"yes","1977",2,8,196992447.588542,0.680851063829787,32,11,0.34375,0.0638297872340425,3,20,0.1,0.4
"093","European Convention on the Legal Status of Migrant Workers","Harmonisation",FALSE,28453,"no","1977",5,8,210028840.166667,0.234042553191489,11,5,0.454545454545455,0.0851063829787234,4,20,0.25,0.4
"094","European Convention on the Service Abroad of Documents relating to Administrative Matters","Harmonisation",FALSE,28453,"yes","1977",3,5,129593375.588542,0.170212765957447,8,0,0,0.0851063829787234,4,20,0.15,0.25
"095","Protocol amending the Convention on the Reduction of Cases of Multiple Nationality and Military Obligations in Cases of Multiple Nationality","Harmonisation",FALSE,28453,"yes","1977",2,6,160534089.380208,0.170212765957447,8,1,0.125,0.0638297872340425,3,20,0.1,0.3
"096","Additional Protocol to the Convention on the Reduction of Cases of Multiple Nationality and Military Obligations in Cases of Multiple Nationality","Harmonisation",FALSE,28453,"yes","1977",2,3,89587473.25,0.0851063829787234,4,0,0,0.0425531914893617,2,20,0.1,0.15
"097","Additional Protocol to the European Convention on Information on Foreign Law","Harmonisation",TRUE,28564,"yes","1978",3,4,76192069.7447917,0.808510638297872,38,0,0,0,0,21,0.142857142857143,0.19047619047619
"098","Second Additional Protocol to the European Convention on Extradition","Harmonisation",TRUE,28566,"yes","1978",3,1,7728581.20833333,0.851063829787234,40,12,0.3,0.0212765957446809,1,21,0.142857142857143,0.0476190476190476
"099","Additional Protocol to the European Convention on Mutual Assistance in Criminal Matters","Harmonisation",TRUE,28566,"yes","1978",3,1,7728581.20833333,0.872340425531915,41,12,0.292682926829268,0.0212765957446809,1,21,0.142857142857143,0.0476190476190476
"100","European Convention on the Obtaining Abroad of Information and Evidence in Administrative Matters","Harmonisation",FALSE,28564,"yes","1978",3,1,6659559.61979167,0.127659574468085,6,0,0,0.0425531914893617,2,21,0.142857142857143,0.0476190476190476
"101","European Convention on the Control of the Acquisition and Possession of Firearms by Individuals","Harmonisation",TRUE,28669,"yes","1978",3,4,145192861.885417,0.319148936170213,15,10,0.666666666666667,0.170212765957447,8,21,0.142857142857143,0.19047619047619
"102","European Convention for the Protection of Animals for Slaughter","Harmonisation",FALSE,28985,"yes","1979",4,6,210462893.723958,0.531914893617021,25,0,0,0.106382978723404,5,21,0.19047619047619,0.285714285714286
"103","Additional Protocol to the European Convention for the Protection of Animals during International Transport","Harmonisation",FALSE,28985,"yes","1979",4,7,169312291.885417,0.51063829787234,24,0,0,0.0212765957446809,1,21,0.19047619047619,0.333333333333333
"104","Convention on the Conservation of European Wildlife and Natural Habitats","Harmonisation",FALSE,29117,"yes","1979",5,19,422231528.635417,0.957446808510638,45,21,0.466666666666667,0,0,21,0.238095238095238,0.904761904761905
"105","European Convention on Recognition and Enforcement of Decisions concerning Custody of Children and on Restoration of Custody of Children","Harmonisation",FALSE,29361,"yes","1980",3,15,350409294.286458,0.787234042553192,37,26,0.702702702702703,0,0,21,0.142857142857143,0.714285714285714
"106","European Outline Convention on Transfrontier Co-operation between Territorial Communities or Authorities","Harmonisation",FALSE,29362,"yes","1980",4,8,173821842.494792,0.829787234042553,39,1,0.0256410256410256,0.0425531914893617,2,21,0.19047619047619,0.380952380952381
"107","European Agreement on Transfer of Responsibility for Refugees","Harmonisation",FALSE,29510,"yes","1980",2,9,190567254.203125,0.276595744680851,13,7,0.538461538461538,0.0851063829787234,4,21,0.0952380952380952,0.428571428571429
"108","Convention for the Protection of Individuals with regard to Automatic Processing of Personal Data","Harmonisation",FALSE,29614,"yes","1981",5,7,207675759.848958,1,47,1,0.0212765957446809,0,0,21,0.238095238095238,0.333333333333333
"109","Additional Protocol to the European Agreement on the Exchange of Therapeutic Substances of Human Origin","Harmonisation",FALSE,30317,"yes","1983",3,0,0,0.446808510638298,21,0,0,0,0,21,0.142857142857143,0
"110","Additional Protocol to the Agreement on the Temporary Importation, free of duty, of Medical, Surgical and Laboratory Equipment for Use on free loan in Hospitals and other Medical Institutions for Purposes of Diagnosis or Treatment","Harmonisation",FALSE,30317,"yes","1983",3,0,0,0.425531914893617,20,0,0,0,0,21,0.142857142857143,0
"111","Additional Protocol to the European Agreement on the Exchanges of Blood-Grouping Reagents","Harmonisation",FALSE,30317,"yes","1983",3,0,0,0.446808510638298,21,0,0,0,0,21,0.142857142857143,0
"112","Convention on the Transfer of Sentenced Persons","Harmonisation",TRUE,30396,"yes","1983",3,10,151617321.796875,0.978723404255319,46,4,0.0869565217391304,0,0,21,0.142857142857143,0.476190476190476
"113","Additional Protocol to the Protocol to the European Agreement on the Protection of Television Broadcasts","Harmonisation",FALSE,30396,"yes","1983",3,4,33431185.25,0.212765957446809,10,0,0,0.0212765957446809,1,21,0.142857142857143,0.19047619047619
"114","Protocol No. 6 to the Convention for the Protection of Human Rights and Fundamental Freedoms concerning the Abolition of the Death Penalty","Human rights (core)",FALSE,30434,"no","1983",5,12,240884954.651042,0.978723404255319,46,0,0,0.0212765957446809,1,21,0.238095238095238,0.571428571428571
"115","Protocol amending the European Agreement on the Restriction of the Use of certain Detergents in Washing and Cleaning Products","Harmonisation",FALSE,30614,"yes","1983",3,4,148348193.322917,0.106382978723404,5,0,0,0.0425531914893617,2,21,0.142857142857143,0.19047619047619
"116","European Convention on the Compensation of Victims of Violent Crimes","Harmonisation",TRUE,30644,"yes","1983",3,9,235954629.354167,0.553191489361702,26,2,0.0769230769230769,0.170212765957447,8,21,0.142857142857143,0.428571428571429
"117","Protocol No. 7 to the Convention for the Protection of Human Rights and Fundamental Freedoms","Human rights (core)",FALSE,31008,"no","1984",7,10,202974728.541667,0.936170212765957,44,4,0.0909090909090909,0.0425531914893617,2,21,0.333333333333333,0.476190476190476
"118","Protocol No. 8 to the Convention for the Protection of Human Rights and Fundamental Freedoms","Human rights (core)",FALSE,31125,"no","1985",10,16,349694692.630208,1,47,0,0,0,0,21,0.476190476190476,0.761904761904762
"119","European Convention on Offences relating to Cultural Property","Harmonisation",FALSE,31221,"yes","1985",3,3,19585349.0677083,0,0,0,NA,0.127659574468085,6,21,0.142857142857143,0.142857142857143
"120","European Convention on Spectator Violence and Misbehaviour at Sports Events and in particular at Football Matches","Harmonisation",FALSE,31278,"yes","1985",3,6,104523371.151042,0.872340425531915,41,0,0,0.0638297872340425,3,21,0.142857142857143,0.285714285714286
"121","Convention for the Protection of the Architectural Heritage of Europe","Harmonisation",FALSE,31323,"yes","1985",3,16,400670251.859375,0.893617021276596,42,5,0.119047619047619,0.0212765957446809,1,21,0.142857142857143,0.761904761904762
"122","European Charter of Local Self-Government","Harmonisation",FALSE,31335,"no","1985",4,11,272766790.286458,1,47,0,0,0,0,21,0.19047619047619,0.523809523809524
"123","European Convention for the Protection of Vertebrate Animals used for Experimental and other Scientific Purposes","Harmonisation",FALSE,31489,"yes","1986",4,6,94985653.0729167,0.446808510638298,21,6,0.285714285714286,0.127659574468085,6,21,0.19047619047619,0.285714285714286
"124","European Convention on the Recognition of the Legal Personality of International Non-Governmental Organisations","Foundational",FALSE,31526,"yes","1986",3,6,101279349.786458,0.234042553191489,11,0,0,0,0,21,0.142857142857143,0.285714285714286
"125","European Convention for the Protection of Pet Animals","Harmonisation",FALSE,32094,"yes","1987",4,8,109585225.489583,0.48936170212766,23,10,0.434782608695652,0.0425531914893617,2,21,0.19047619047619,0.380952380952381
"126","European Convention for the Prevention of Torture and Inhuman or Degrading Treatment or Punishment","Human rights (core)",TRUE,32107,"yes","1987",7,19,365307807.265625,1,47,0,0,0,0,21,0.333333333333333,0.904761904761905
"127","Convention on Mutual Administrative Assistance in Tax Matters","Harmonisation",FALSE,32167,"yes","1988",5,0,0,0.872340425531915,41,28,0.682926829268293,0.0212765957446809,1,22,0.227272727272727,0
"128","Additional Protocol to the European Social Charter","Human rights (core)",FALSE,32268,"no","1988",3,9,242683591.390625,0.276595744680851,13,1,0.0769230769230769,0.212765957446809,10,22,0.136363636363636,0.409090909090909
"129","Arrangement for the Application of the European Agreement of 17 October 1980 concerning the Provision of Medical Care to Persons during Temporary Residence","Harmonisation",FALSE,32289,"yes","1988",2,0,0,0,0,0,NA,0,0,22,0.0909090909090909,0
"130","Convention on Insider Trading","Harmonisation",TRUE,32618,"yes","1989",3,0,0,0.170212765957447,8,0,0,0.0212765957446809,1,23,0.130434782608696,0
"131","Third Additional Protocol to the Protocol to the European Agreement on the Protection of Television Broadcasts","Harmonisation",FALSE,32618,"yes","1989",3,1,49877767.421875,0.148936170212766,7,0,0,0.0212765957446809,1,23,0.130434782608696,0.0434782608695652
"132","European Convention on Transfrontier Television","Harmonisation",FALSE,32633,"yes","1989",7,10,137375825.104167,0.702127659574468,33,12,0.363636363636364,0.127659574468085,6,23,0.304347826086957,0.434782608695652
"133","Protocol to the Convention on Insider Trading","Harmonisation",TRUE,32762,"no","1989",3,0,0,0.170212765957447,8,0,0,0.0212765957446809,1,23,0.130434782608696,0
"134","Protocol to the Convention on the Elaboration of a European Pharmacopoeia","Harmonisation",FALSE,32828,"yes","1989",8,14,228519238.354167,0.787234042553192,37,0,0,0,0,23,0.347826086956522,0.608695652173913
"135","Anti-Doping Convention","Harmonisation",FALSE,32828,"yes","1989",5,15,333580959.255208,1,47,0,0,0,0,23,0.217391304347826,0.652173913043478
"136","European Convention on Certain International Aspects of Bankruptcy","Harmonisation",FALSE,33029,"yes","1990",3,5,196194324.03125,0.0212765957446809,1,0,0,0.148936170212766,7,24,0.125,0.208333333333333
"137","Fifth Protocol to the General Agreement on Privileges and Immunities of the Council of Europe","Foundational",FALSE,33042,"no","1990",3,3,67394410.171875,0.48936170212766,23,1,0.0434782608695652,0,0,24,0.125,0.125
"138","European Convention on the General Equivalence of Periods of University Study","Harmonisation",FALSE,33183,"yes","1990",2,12,281978018.213542,0.340425531914894,16,1,0.0625,0.127659574468085,6,24,0.0833333333333333,0.5
"139","European Code of Social Security (Revised)","Harmonisation",FALSE,33183,"yes","1990",2,11,280376647.869792,0.0212765957446809,1,0,0,0.276595744680851,13,24,0.0833333333333333,0.458333333333333
"140","Protocol No. 9 to the Convention for the Protection of Human Rights and Fundamental Freedoms","Human rights (core)",FALSE,33183,"no","1990",10,14,217184572.734375,0.51063829787234,24,0,0,0.106382978723404,5,24,0.416666666666667,0.583333333333333
"141","Convention on Laundering, Search, Seizure and Confiscation of the Proceeds from Crime","Harmonisation",TRUE,33185,"yes","1990",3,12,283435233.114583,1,47,36,0.765957446808511,0,0,24,0.125,0.5
"142","Protocol amending the European Social Charter","Human rights (core)",FALSE,33532,"no","1991",5,10,236761818.119792,0.48936170212766,23,0,0,0.0638297872340425,3,25,0.2,0.4
"143","European Convention on the Protection of the Archaeological Heritage (Revised)","Harmonisation",FALSE,33619,"yes","1992",4,20,589438695.75,0.936170212765957,44,0,0,0.0212765957446809,1,26,0.153846153846154,0.769230769230769
"144","Convention on the Participation of Foreigners in Public Life at Local Level","Harmonisation",FALSE,33639,"yes","1992",4,4,126774142.869792,0.191489361702128,9,0,0,0.0851063829787234,4,26,0.153846153846154,0.153846153846154
"145","Protocol of Amendment to the European Convention for the Protection of Animals kept for Farming Purposes","Harmonisation",FALSE,33640,"yes","1992",4,5,33688163.2760417,0.382978723404255,18,0,0,0.106382978723404,5,26,0.153846153846154,0.192307692307692
"146","Protocol No. 10 to the Convention for the Protection of Human Rights and Fundamental Freedoms","Human rights (core)",FALSE,33688,"no","1992",10,12,295806649.5625,0.531914893617021,25,0,0,0.0638297872340425,3,26,0.384615384615385,0.461538461538462
"147","European Convention on Cinematographic Co-Production","Harmonisation",FALSE,33879,"yes","1992",5,2,5522466.03125,0.914893617021277,43,1,0.0232558139534884,0,0,26,0.192307692307692,0.0769230769230769
"148","European Charter for Regional or Minority Languages","Human rights (core)",FALSE,33913,"yes","1992",5,11,164803118.515625,0.531914893617021,25,1,0.04,0.170212765957447,8,26,0.192307692307692,0.423076923076923
"149","Second Protocol amending the Convention on the Reduction of Cases of Multiple Nationality and Military Obligations in Cases of Multiple Nationality","Harmonisation",FALSE,34002,"yes","1993",2,2,112695954.739583,0.0638297872340425,3,0,0,0,0,32,0.0625,0.0625
"150","Convention on Civil Liability for Damage resulting from Activities Dangerous to the Environment","Harmonisation",FALSE,34141,"yes","1993",3,7,86124987.4322917,0,0,1,Inf,0.191489361702128,9,32,0.09375,0.21875
"151","Protocol No. 1 to the European Convention for the Prevention of Torture and Inhuman or Degrading Treatment or Punishment","Human rights (core)",TRUE,34277,"no","1993",7,14,210336921.546875,1,47,0,0,0,0,32,0.21875,0.4375
"152","Protocol No. 2 to the European Convention for the Prevention of Torture and Inhuman or Degrading Treatment or Punishment","Human rights (core)",TRUE,34277,"no","1993",7,14,210336921.546875,1,47,0,0,0,0,32,0.21875,0.4375
"153","European Convention relating to questions on Copyright Law and Neighbouring Rights in the Framework of Transfrontier Broadcasting by Satellite","Harmonisation",FALSE,34465,"yes","1994",7,5,49319893.3177083,0.0851063829787234,4,0,0,0.127659574468085,6,33,0.212121212121212,0.151515151515152
"154","Protocol to the European Convention on Social Security","Harmonisation",FALSE,34465,"yes","1994",2,2,17574909.875,0.0212765957446809,1,0,0,0.0851063829787234,4,33,0.0606060606060606,0.0606060606060606
"155","Protocol No. 11 to the Convention for the Protection of Human Rights and Fundamental Freedoms, restructuring the control machinery established thereby","Human rights (core)",FALSE,34465,"no","1994",10,31,465367495.276042,1,47,0,0,0,0,33,0.303030303030303,0.939393939393939
"156","Agreement on Illicit Traffic by Sea, implementing Article 17 of the United Nations Convention against Illicit Traffic in Narcotic Drugs and Psychotropic Substances","Harmonisation",TRUE,34730,"yes","1995",3,2,113174959.59375,0.319148936170213,15,11,0.733333333333333,0.170212765957447,8,38,0.0789473684210526,0.0526315789473684
"157","Framework Convention for the Protection of National Minorities","Human rights (core)",FALSE,34731,"yes","1995",12,21,294751005.583333,0.829787234042553,39,2,0.0512820512820513,0.0851063829787234,4,38,0.315789473684211,0.552631578947368
"158","Additional Protocol to the European Social Charter Providing for a System of Collective Complaints","Human rights (core)",FALSE,35012,"no","1995",5,7,141700751.161458,0.276595744680851,13,0,0,0.106382978723404,5,38,0.131578947368421,0.184210526315789
"159","Additional Protocol to the European Outline Convention on Transfrontier Co-operation between Territorial Communities or Authorities","Harmonisation",FALSE,35012,"yes","1995",4,4,144938477.75,0.51063829787234,24,0,0,0.106382978723404,5,38,0.105263157894737,0.105263157894737
"160","European Convention on the Exercise of Children's Rights","Human rights (core)",FALSE,35089,"yes","1996",3,7,83199534.9010417,0.425531914893617,20,0,0,0.170212765957447,8,40,0.075,0.175
"161","European Agreement relating to persons participating in proceedings of the European Court of Human Rights","Foundational",FALSE,35129,"no","1996",10,3,61349992.7708333,0.829787234042553,39,3,0.0769230769230769,0.0425531914893617,2,40,0.25,0.075
"162","Sixth Protocol to the General Agreement on Privileges and Immunities of the Council of Europe","Foundational",FALSE,35129,"no","1996",3,3,61349992.7708333,1,47,1,0.0212765957446809,0,0,40,0.075,0.075
"163","European Social Charter (revised)","Human rights (core)",FALSE,35188,"no","1996",3,9,161532753.135417,0.723404255319149,34,3,0.0882352941176471,0.234042553191489,11,40,0.075,0.225
"164","Convention for the protection of Human Rights and Dignity of the Human Being with regard to the Application of Biology and Medicine: Convention on Human Rights and Biomedicine","Human rights (core)",FALSE,35524,"yes","1997",5,21,295264673.161458,0.617021276595745,29,6,0.206896551724138,0.127659574468085,6,40,0.125,0.525
"165","Convention on the Recognition of Qualifications concerning Higher Education in the European Region","Harmonisation",FALSE,35531,"yes","1997",5,24,330359190.140625,0.957446808510638,45,3,0.0666666666666667,0,0,40,0.125,0.6
"166","European Convention on Nationality","Harmonisation",FALSE,35740,"yes","1997",3,15,298343595.052083,0.425531914893617,20,10,0.5,0.191489361702128,9,40,0.075,0.375
"167","Additional Protocol to the Convention on the Transfer of Sentenced Persons","Harmonisation",TRUE,35782,"yes","1997",3,5,107539497.395833,0.787234042553192,37,1,0.027027027027027,0.0851063829787234,4,40,0.075,0.125
"168","Additional Protocol to the Convention for the Protection of Human Rights and Dignity of the Human Being with regard to the Application of Biology and Medicine, on the Prohibition of Cloning Human Beings","Harmonisation",FALSE,35807,"yes","1998",5,19,275823228.260417,0.48936170212766,23,0,0,0.212765957446809,10,40,0.125,0.475
"169","Protocol No. 2 to the European Outline Convention on Transfrontier Co-operation between Territorial Communities or Authorities concerning interterritorial co-operation","Harmonisation",FALSE,35920,"yes","1998",4,4,39904582.140625,0.48936170212766,23,0,0,0.0851063829787234,4,40,0.1,0.1
"170","Protocol of Amendment to the European Convention for the Protection of Vertebrate Animals used for Experimental and other Scientific Purposes","Harmonisation",FALSE,35968,"yes","1998",4,4,84737143.3020833,0.404255319148936,19,0,0,0.0638297872340425,3,40,0.1,0.1
"171","Protocol amending the European Convention on Transfrontier Television","Harmonisation",FALSE,36069,"yes","1998",7,0,0,0.531914893617021,25,0,0,0,0,40,0.175,0
"172","Convention on the Protection of Environment through Criminal Law","Harmonisation",TRUE,36103,"yes","1998",3,7,164685876.265625,0.0212765957446809,1,1,1,0.276595744680851,13,40,0.075,0.175
"173","Criminal Law Convention on Corruption","Harmonisation",TRUE,36187,"yes","1999",14,21,497252348.723958,0.978723404255319,46,27,0.58695652173913,0.0212765957446809,1,41,0.341463414634146,0.51219512195122
"174","Civil Law Convention on Corruption","Harmonisation",TRUE,36468,"yes","1999",14,13,235103922.078125,0.723404255319149,34,0,0,0.148936170212766,7,41,0.341463414634146,0.317073170731707
"175","European Convention on the Promotion of a Transnational Long-Term Voluntary Service for Young People","Harmonisation",FALSE,36657,"yes","2000",5,1,23267.6145833333,0.0212765957446809,1,0,0,0.170212765957447,8,41,0.121951219512195,0.024390243902439
"176","European Landscape Convention","Harmonisation",FALSE,36819,"yes","2000",10,18,282833750.739583,0.808510638297872,38,0,0,0.0425531914893617,2,41,0.24390243902439,0.439024390243902
"177","Protocol No. 12 to the Convention for the Protection of Human Rights and Fundamental Freedoms","Human rights (core)",FALSE,36834,"no","2000",10,25,444550889.786458,0.404255319148936,19,0,0,0.404255319148936,19,41,0.24390243902439,0.609756097560976
"178","European Convention on the Legal Protection of Services based on, or consisting of, Conditional Access","Harmonisation",TRUE,36915,"yes","2001",3,3,82408488.609375,0.212765957446809,10,0,0,0.0638297872340425,3,43,0.0697674418604651,0.0697674418604651
"179","Additional Protocol to the European Agreement on the Transmission of Applications for Legal Aid","Harmonisation",TRUE,37168,"yes","2001",2,15,289654284.078125,0.212765957446809,10,0,0,0.25531914893617,12,43,0.0465116279069767,0.348837209302326
"180","Convention on Information and Legal Co-operation concerning \Information Society Services\""""","Harmonisation",FALSE,37168,"yes","2001",5,1,3893744.58854167,0.0425531914893617,2,0,0,0.0425531914893617,2,43,0.116279069767442,0.0232558139534884
"181","Additional Protocol to the Convention for the Protection of Individuals with regard to Automatic Processing of Personal Data, regarding supervisory authorities and transborder data flows","Human rights (core)",FALSE,37203,"yes","2001",5,16,361220327.1875,0.765957446808511,36,0,0,0.148936170212766,7,43,0.116279069767442,0.372093023255814
"182","Second Additional Protocol to the European Convention on Mutual Assistance in Criminal Matters","Harmonisation",TRUE,37203,"yes","2001",3,17,339791871.671875,0.723404255319149,34,25,0.735294117647059,0.148936170212766,7,43,0.0697674418604651,0.395348837209302
"183","European Convention for the Protection of the Audiovisual Heritage","Harmonisation",FALSE,37203,"yes","2001",5,4,28133837.3697917,0.212765957446809,10,0,0,0.191489361702128,9,43,0.116279069767442,0.0930232558139535
"184","Protocol to the European Convention for the Protection of the Audiovisual Heritage, on the Protection of Television Productions","Harmonisation",FALSE,37203,"yes","2001",5,4,28133837.3697917,0.106382978723404,5,0,0,0.170212765957447,8,43,0.116279069767442,0.0930232558139535
"185","Convention on Cybercrime","Harmonisation",TRUE,37218,"yes","2001",5,26,505054331.239583,0.872340425531915,41,22,0.536585365853659,0.0851063829787234,4,43,0.116279069767442,0.604651162790698
"186","Additional Protocol to the Convention on Human Rights and Biomedicine concerning Transplantation of Organs and Tissues of Human Origin","Human rights (core)",FALSE,37280,"yes","2002",5,5,13772208.234375,0.297872340425532,14,1,0.0714285714285714,0.170212765957447,8,44,0.113636363636364,0.113636363636364
"187","Protocol No. 13 to the Convention for the Protection of Human Rights and Fundamental Freedoms, concerning the abolition of the death penalty in all circumstances","Human rights (core)",FALSE,37379,"no","2002",10,36,522348437.083333,0.936170212765957,44,0,0,0.0212765957446809,1,44,0.227272727272727,0.818181818181818
"188","Additional Protocol to the Anti-Doping Convention","Harmonisation",FALSE,37511,"yes","2002",5,14,114846372.911458,0.531914893617021,25,0,0,0.170212765957447,8,44,0.113636363636364,0.318181818181818
"189","Additional Protocol to the Convention on Cybercrime, concerning the criminalisation of acts of a racist and xenophobic nature committed through computer systems","Harmonisation",TRUE,37649,"yes","2003",5,11,188833162.276042,0.531914893617021,25,8,0.32,0.25531914893617,12,45,0.111111111111111,0.244444444444444
"190","Protocol amending the European Convention on the Suppression of Terrorism","Harmonisation",TRUE,37756,"no","2003",3,31,601767862.951637,0.723404255319149,34,4,0.117647058823529,0.276595744680851,13,45,0.0666666666666667,0.688888888888889
"191","Additional Protocol to the Criminal Law Convention on Corruption","Harmonisation",TRUE,37756,"yes","2003",5,20,365260096.979167,0.893617021276596,42,2,0.0476190476190476,0.0638297872340425,3,45,0.111111111111111,0.444444444444444
"192","Convention on Contact concerning Children","Harmonisation",FALSE,37756,"yes","2003",3,12,159195658.473958,0.191489361702128,9,0,0,0.212765957446809,10,45,0.0666666666666667,0.266666666666667
"193","European Convention for the Protection of Animals during International Transport (Revised)","Harmonisation",FALSE,37931,"yes","2003",4,12,259385557.421875,0.25531914893617,12,0,0,0.148936170212766,7,45,0.0888888888888889,0.266666666666667
"194","Protocol No. 14 to the Convention for the Protection of Human Rights and Fundamental Freedoms, amending the control system of the Convention","Human rights (core)",FALSE,38120,"no","2004",10,17,195880426.296875,1,47,0,0,0,0,46,0.217391304347826,0.369565217391304
"195","Additional Protocol to the Convention on Human Rights and Biomedicine, concerning Biomedical Research","Human rights (core)",FALSE,38377,"yes","2005",5,10,88424921.6145833,0.212765957446809,10,0,0,0.25531914893617,12,46,0.108695652173913,0.217391304347826
"196","Council of Europe Convention on the Prevention of Terrorism","Harmonisation",TRUE,38488,"yes","2005",6,19,261305171.462054,0.787234042553192,37,4,0.108108108108108,0.212765957446809,10,46,0.130434782608696,0.41304347826087
"197","Council of Europe Convention on Action against Trafficking in Human Beings","Human rights (core)",TRUE,38488,"yes","2005",10,15,107851291.029762,0.957446808510638,45,15,0.333333333333333,0.0212765957446809,1,46,0.217391304347826,0.326086956521739
"198","Council of Europe Convention on  Laundering, Search, Seizure and Confiscation of the Proceeds from Crime and on the Financing of Terrorism","Harmonisation",FALSE,38488,"yes","2005",6,13,106244474.59747,0.595744680851064,28,12,0.428571428571429,0.25531914893617,12,46,0.130434782608696,0.282608695652174
"199","Council of Europe Framework Convention on the Value of Cultural Heritage for Society","Harmonisation",FALSE,38652,"yes","2005",10,6,30495103.7604167,0.361702127659574,17,0,0,0.106382978723404,5,46,0.217391304347826,0.130434782608696
"200","Council of Europe Convention on the avoidance of statelessness in relation to State succession","Harmonisation",FALSE,38856,"yes","2006",3,1,48453071.1302083,0.127659574468085,6,0,0,0.0425531914893617,2,46,0.0652173913043478,0.0217391304347826
"201","Council of Europe Convention on the Protection of Children against Sexual Exploitation and Sexual Abuse","Harmonisation",TRUE,39380,"yes","2007",5,23,347527869.701637,0.893617021276596,42,14,0.333333333333333,0.106382978723404,5,47,0.106382978723404,0.48936170212766
"202","European Convention on the Adoption of Children (Revised)","Harmonisation",FALSE,39779,"yes","2008",3,6,74753165.5208333,0.212765957446809,10,4,0.4,0.170212765957447,8,47,0.0638297872340425,0.127659574468085
"203","Additional Protocol to the Convention on Human Rights and Biomedicine concerning Genetic Testing for Health Purposes","Human rights (core)",FALSE,39779,"yes","2008",5,3,8680658.57291667,0.0851063829787234,4,0,0,0.106382978723404,5,47,0.106382978723404,0.0638297872340425
"204","Protocol No. 14bis to the Convention for the Protection of Human Rights and Fundamental Freedoms","Human rights (core)",FALSE,39960,"no","2009",3,6,110448083.057292,0.25531914893617,12,0,0,0.212765957446809,10,47,0.0638297872340425,0.127659574468085
"205","Council of Europe Convention on Access to Official Documents","Harmonisation",FALSE,39982,"yes","2009",10,12,58786256.8787202,0.191489361702128,9,1,0.111111111111111,0.106382978723404,5,47,0.212765957446809,0.25531914893617
"206","Protocol No. 3 to the European Outline Convention on Transfrontier Co-operation between Territorial Communities or Authorities concerning Euroregional Co-operation Groupings (ECGs)","Harmonisation",FALSE,40133,"yes","2009",4,7,166337536.953125,0.127659574468085,6,0,0,0.148936170212766,7,47,0.0851063829787234,0.148936170212766
"207","Additional Protocol to the European Charter of Local Self-Government on the right to participate in the affairs of a local authority","Harmonisation",FALSE,40133,"no","2009",8,12,165566291.072917,0.297872340425532,14,0,0,0.127659574468085,6,47,0.170212765957447,0.25531914893617
"208","Protocol amending the Convention on Mutual Administrative Assistance in Tax Matters","Harmonisation",FALSE,40325,"yes","2010",5,12,267544039.651042,0.787234042553192,37,0,0,0.106382978723404,5,47,0.106382978723404,0.25531914893617
"209","Third Additional Protocol to the European Convention on Extradition","Harmonisation",TRUE,40492,"yes","2010",3,9,47015705.4985119,0.340425531914894,16,2,0.125,0.319148936170213,15,47,0.0638297872340425,0.191489361702128
"210","Council of Europe Convention on preventing and combating violence against women and domestic violence","Human rights (core)",TRUE,40674,"yes","2011",10,13,270879978.911458,0.468085106382979,22,15,0.681818181818182,0.446808510638298,21,47,0.212765957446809,0.276595744680851
"211","Council of Europe Convention on the counterfeiting of medical products and similar crimes involving threats to public health","Harmonisation",TRUE,40844,"yes","2011",5,11,409636719.114583,0.170212765957447,8,2,0.25,0.319148936170213,15,47,0.106382978723404,0.234042553191489
"212","Fourth Additional Protocol to the European Convention on Extradition","Harmonisation",TRUE,41172,"yes","2012",3,12,149851704.72247,0.170212765957447,8,4,0.5,0.212765957446809,10,47,0.0638297872340425,0.25531914893617
"213","Protocol No. 15 amending the Convention for the Protection of Human Rights and Fundamental Freedoms","Human rights (core)",FALSE,41449,"no","2013",10,19,347152683.942708,0.680851063829787,32,0,0,0.234042553191489,11,47,0.212765957446809,0.404255319148936
"214","Protocol No. 16 to the Convention for the Protection of Human Rights and Fundamental Freedoms","Human rights (core)",FALSE,41549,"no","2013",10,7,127425728.953125,0.127659574468085,6,0,0,0.212765957446809,10,47,0.212765957446809,0.148936170212766
"215","Council of Europe Convention on the Manipulation of Sports Competitions","Harmonisation",FALSE,41900,"yes","2014",5,15,297325271.493304,0.0425531914893617,2,2,1,0.595744680851064,28,47,0.106382978723404,0.319148936170213
"216","Council of Europe Convention against Trafficking in Human Organs","Harmonisation",FALSE,42088,"yes","2015",5,14,294981367.479167,0.0212765957446809,1,2,2,0.340425531914894,16,47,0.106382978723404,0.297872340425532
"217","Additional Protocol to the Council of Europe Convention on the Prevention of Terrorism","Harmonisation",TRUE,42299,"yes","2015",6,17,412509741.947917,0.0638297872340425,3,0,0,0.638297872340426,30,47,0.127659574468085,0.361702127659574
"218","Council of Europe Convention on an Integrated Safety, Security and Service Approach at Football Matches and Other Sports Events","Harmonisation",FALSE,42554,"yes","2016",3,14,307105836.640625,0,0,1,Inf,0.468085106382979,22,47,0.0638297872340425,0.297872340425532
"219","Protocol amending the European Landscape Convention","Harmonisation",FALSE,42583,"yes","2016",10,0,0,0,0,0,NA,0,0,47,0.212765957446809,0
